,Time,Speed
0,0.0,
1,0.1000000000003638,
2,0.1999999999998181,
3,0.3000000000001819,
4,0.3999999999996362,
5,0.5,
6,0.6000000000003638,
7,0.6999999999998181,
8,0.8000000000001819,
9,0.8999999999996362,
10,1.0,
11,1.1000000000003638,
12,1.199999999999818,
13,1.300000000000182,
14,1.3999999999996362,
15,1.5,
16,1.6000000000003638,
17,1.699999999999818,
18,1.800000000000182,
19,1.899999999999636,
20,2.0,
21,2.100000000000364,
22,2.199999999999818,
23,2.300000000000182,
24,2.399999999999636,
25,2.5,
26,2.600000000000364,
27,2.699999999999818,
28,2.800000000000182,
29,2.899999999999636,
30,3.0,
31,3.100000000000364,
32,3.199999999999818,
33,3.300000000000182,
34,3.399999999999636,
35,3.5,
36,3.600000000000364,
37,3.699999999999818,
38,3.800000000000182,
39,3.899999999999636,
40,4.0,
41,4.100000000000364,
42,4.199999999999818,
43,4.300000000000182,
44,4.399999999999636,
45,4.5,
46,4.600000000000364,
47,4.699999999999818,
48,4.800000000000182,
49,4.899999999999636,
50,5.0,
51,5.100000000000364,
52,5.199999999999818,
53,5.300000000000182,
54,5.399999999999636,
55,5.5,
56,5.600000000000364,
57,5.699999999999818,
58,5.800000000000182,
59,5.899999999999636,
60,6.0,
61,6.100000000000364,
62,6.199999999999818,
63,6.300000000000182,
64,6.399999999999636,
65,6.5,
66,6.600000000000364,
67,6.699999999999818,
68,6.800000000000182,
69,6.899999999999636,
70,7.0,
71,7.100000000000364,
72,7.199999999999818,
73,7.300000000000182,
74,7.399999999999636,
75,7.5,
76,7.600000000000364,
77,7.699999999999818,
78,7.800000000000182,
79,7.899999999999636,
80,8.0,
81,8.100000000000364,
82,8.199999999999818,
83,8.300000000000182,
84,8.399999999999636,
85,8.5,
86,8.600000000000364,
87,8.699999999999818,
88,8.800000000000182,
89,8.899999999999636,
90,9.0,
91,9.100000000000364,
92,9.199999999999818,
93,9.300000000000182,
94,9.399999999999636,
95,9.5,
96,9.600000000000364,
97,9.699999999999818,
98,9.800000000000182,
99,9.899999999999636,
100,10.0,
101,10.100000000000364,
102,10.199999999999818,
103,10.300000000000182,
104,10.399999999999636,
105,10.5,
106,10.600000000000364,
107,10.699999999999818,
108,10.800000000000182,
109,10.899999999999636,
110,11.0,
111,11.100000000000364,
112,11.199999999999818,
113,11.300000000000182,
114,11.399999999999636,
115,11.5,
116,11.600000000000364,
117,11.699999999999818,
118,11.800000000000182,
119,11.899999999999636,
120,12.0,
121,12.100000000000364,
122,12.199999999999818,
123,12.300000000000182,
124,12.399999999999636,
125,12.5,
126,12.600000000000364,
127,12.699999999999818,
128,12.800000000000182,
129,12.899999999999636,
130,13.0,
131,13.100000000000364,
132,13.199999999999818,
133,13.300000000000182,
134,13.399999999999636,
135,13.5,
136,13.600000000000364,
137,13.699999999999818,
138,13.800000000000182,
139,13.899999999999636,
140,14.0,
141,14.100000000000364,
142,14.199999999999818,
143,14.300000000000182,
144,14.399999999999636,
145,14.5,
146,14.600000000000364,
147,14.699999999999818,
148,14.800000000000182,
149,14.899999999999636,
150,15.0,
151,15.100000000000364,
152,15.199999999999818,
153,15.300000000000182,
154,15.399999999999636,
155,15.5,
156,15.600000000000364,
157,15.699999999999818,
158,15.800000000000182,
159,15.899999999999636,
160,16.0,
161,16.100000000000364,
162,16.199999999999818,
163,16.300000000000182,
164,16.399999999999636,
165,16.5,
166,16.600000000000364,
167,16.699999999999818,
168,16.800000000000182,
169,16.899999999999636,
170,17.0,
171,17.100000000000364,
172,17.199999999999818,
173,17.300000000000182,
174,17.399999999999636,
175,17.5,
176,17.600000000000364,
177,17.699999999999818,
178,17.800000000000182,
179,17.899999999999636,
180,18.0,
181,18.100000000000364,
182,18.199999999999815,
183,18.300000000000185,
184,18.39999999999964,
185,18.5,
186,18.600000000000364,
187,18.699999999999815,
188,18.800000000000185,
189,18.89999999999964,
190,19.0,
191,19.100000000000364,
192,19.199999999999815,
193,19.300000000000185,
194,19.39999999999964,
195,19.5,
196,19.600000000000364,
197,19.699999999999815,
198,19.800000000000185,
199,19.89999999999964,
200,20.0,
201,20.100000000000364,
202,20.199999999999815,
203,20.300000000000185,
204,20.39999999999964,
205,20.5,
206,20.600000000000364,
207,20.699999999999815,
208,20.800000000000185,
209,20.89999999999964,
210,21.0,
211,21.100000000000364,
212,21.199999999999815,
213,21.300000000000185,
214,21.39999999999964,
215,21.5,
216,21.600000000000364,
217,21.699999999999815,
218,21.800000000000185,
219,21.89999999999964,
220,22.0,
221,22.100000000000364,
222,22.199999999999815,
223,22.300000000000185,
224,22.39999999999964,
225,22.5,
226,22.600000000000364,
227,22.699999999999815,
228,22.800000000000185,
229,22.89999999999964,
230,23.0,
231,23.100000000000364,
232,23.199999999999815,
233,23.300000000000185,
234,23.39999999999964,
235,23.5,
236,23.600000000000364,
237,23.699999999999815,
238,23.800000000000185,
239,23.89999999999964,
240,24.0,
241,24.100000000000364,
242,24.199999999999815,
243,24.300000000000185,
244,24.39999999999964,
245,24.5,
246,24.600000000000364,
247,24.699999999999815,
248,24.800000000000185,
249,24.89999999999964,
250,25.0,
251,25.100000000000364,
252,25.199999999999815,
253,25.300000000000185,
254,25.39999999999964,
255,25.5,
256,25.600000000000364,
257,25.699999999999815,
258,25.800000000000185,
259,25.89999999999964,
260,26.0,
261,26.100000000000364,
262,26.199999999999815,
263,26.300000000000185,
264,26.39999999999964,
265,26.5,
266,26.600000000000364,
267,26.699999999999815,
268,26.800000000000185,
269,26.89999999999964,
270,27.0,
271,27.100000000000364,
272,27.199999999999815,
273,27.300000000000185,
274,27.39999999999964,
275,27.5,
276,27.600000000000364,
277,27.699999999999815,
278,27.800000000000185,
279,27.89999999999964,
280,28.0,
281,28.100000000000364,
282,28.199999999999815,
283,28.300000000000185,
284,28.39999999999964,
285,28.5,
286,28.600000000000364,
287,28.699999999999815,
288,28.800000000000185,
289,28.89999999999964,
290,29.0,
291,29.100000000000364,
292,29.199999999999815,
293,29.300000000000185,
294,29.39999999999964,
295,29.5,
296,29.600000000000364,
297,29.699999999999815,
298,29.800000000000185,
299,29.89999999999964,
300,30.0,
301,30.100000000000364,
302,30.199999999999815,
303,30.300000000000185,
304,30.39999999999964,
305,30.5,
306,30.600000000000364,
307,30.699999999999815,
308,30.800000000000185,
309,30.89999999999964,
310,31.0,
311,31.100000000000364,
312,31.199999999999815,
313,31.300000000000185,
314,31.39999999999964,
315,31.5,
316,31.600000000000364,
317,31.699999999999815,
318,31.800000000000185,
319,31.89999999999964,
320,32.0,
321,32.100000000000364,
322,32.19999999999982,
323,32.30000000000018,
324,32.39999999999964,
325,32.5,
326,32.600000000000364,
327,32.69999999999982,
328,32.80000000000018,
329,32.89999999999964,
330,33.0,
331,33.100000000000364,
332,33.19999999999982,
333,33.30000000000018,
334,33.39999999999964,
335,33.5,
336,33.600000000000364,
337,33.69999999999982,
338,33.80000000000018,
339,33.89999999999964,
340,34.0,
341,34.100000000000364,
342,34.19999999999982,
343,34.30000000000018,
344,34.39999999999964,
345,34.5,
346,34.600000000000364,
347,34.69999999999982,
348,34.80000000000018,
349,34.89999999999964,
350,35.0,
351,35.100000000000364,
352,35.19999999999982,
353,35.30000000000018,
354,35.39999999999964,
355,35.5,
356,35.600000000000364,
357,35.69999999999982,
358,35.80000000000018,
359,35.89999999999964,
360,36.0,
361,36.10000000000037,
362,36.19999999999982,
363,36.30000000000018,
364,36.39999999999964,
365,36.5,
366,36.60000000000037,
367,36.69999999999982,
368,36.80000000000018,
369,36.89999999999964,
370,37.0,
371,37.10000000000037,
372,37.19999999999982,
373,37.30000000000018,
374,37.39999999999964,
375,37.5,
376,37.60000000000037,
377,37.69999999999982,
378,37.80000000000018,
379,37.89999999999964,
380,38.0,
381,38.10000000000037,
382,38.19999999999982,
383,38.30000000000018,
384,38.39999999999964,
385,38.5,
386,38.60000000000037,
387,38.69999999999982,
388,38.80000000000018,
389,38.89999999999964,
390,39.0,
391,39.10000000000037,
392,39.19999999999982,
393,39.30000000000018,
394,39.39999999999964,
395,39.5,
396,39.60000000000037,
397,39.69999999999982,
398,39.80000000000018,
399,39.89999999999964,
400,40.0,
401,40.10000000000037,
402,40.19999999999982,
403,40.30000000000018,
404,40.39999999999964,
405,40.5,
406,40.60000000000037,
407,40.69999999999982,
408,40.80000000000018,
409,40.89999999999964,
410,41.0,
411,41.10000000000037,
412,41.19999999999982,
413,41.30000000000018,
414,41.39999999999964,
415,41.5,
416,41.60000000000037,
417,41.69999999999982,
418,41.80000000000018,
419,41.89999999999964,
420,42.0,
421,42.10000000000037,
422,42.19999999999982,
423,42.30000000000018,
424,42.39999999999964,
425,42.5,
426,42.60000000000037,
427,42.69999999999982,
428,42.80000000000018,
429,42.89999999999964,
430,43.0,
431,43.10000000000037,
432,43.19999999999982,
433,43.30000000000018,
434,43.39999999999964,
435,43.5,
436,43.60000000000037,
437,43.69999999999982,
438,43.80000000000018,
439,43.89999999999964,
440,44.0,
441,44.10000000000037,
442,44.19999999999982,
443,44.30000000000018,
444,44.39999999999964,
445,44.5,
446,44.60000000000037,
447,44.69999999999982,
448,44.80000000000018,
449,44.89999999999964,
450,45.0,
451,45.10000000000037,
452,45.19999999999982,
453,45.30000000000018,
454,45.39999999999964,
455,45.5,
456,45.60000000000037,
457,45.69999999999982,
458,45.80000000000018,
459,45.89999999999964,
460,46.0,
461,46.10000000000037,
462,46.19999999999982,
463,46.30000000000018,
464,46.39999999999964,
465,46.5,
466,46.60000000000037,
467,46.69999999999982,
468,46.80000000000018,
469,46.89999999999964,
470,47.0,
471,47.10000000000037,
472,47.19999999999982,
473,47.30000000000018,
474,47.39999999999964,
475,47.5,
476,47.60000000000037,
477,47.69999999999982,
478,47.80000000000018,
479,47.89999999999964,
480,48.0,
481,48.10000000000037,
482,48.19999999999982,
483,48.30000000000018,
484,48.39999999999964,
485,48.5,
486,48.60000000000037,
487,48.69999999999982,
488,48.80000000000018,
489,48.89999999999964,
490,49.0,
491,49.10000000000037,
492,49.19999999999982,
493,49.30000000000018,
494,49.39999999999964,
495,49.5,
496,49.60000000000037,
497,49.69999999999982,
498,49.80000000000018,
499,49.89999999999964,
500,50.0,
501,50.10000000000037,
502,50.19999999999982,
503,50.30000000000018,
504,50.39999999999964,
505,50.5,
506,50.60000000000037,
507,50.69999999999982,
508,50.80000000000018,
509,50.89999999999964,
510,51.0,
511,51.10000000000037,
512,51.19999999999982,
513,51.30000000000018,
514,51.39999999999964,
515,51.5,
516,51.60000000000037,
517,51.69999999999982,
518,51.80000000000018,
519,51.89999999999964,
520,52.0,
521,52.10000000000037,
522,52.19999999999982,
523,52.30000000000018,
524,52.39999999999964,
525,52.5,
526,52.60000000000037,
527,52.69999999999982,
528,52.80000000000018,
529,52.89999999999964,
530,53.0,
531,53.10000000000037,
532,53.19999999999982,
533,53.30000000000018,
534,53.39999999999964,
535,53.5,
536,53.60000000000037,
537,53.69999999999982,
538,53.80000000000018,
539,53.89999999999964,
540,54.0,
541,54.10000000000037,
542,54.19999999999982,
543,54.30000000000018,
544,54.39999999999964,
545,54.5,
546,54.60000000000037,
547,54.69999999999982,
548,54.80000000000018,
549,54.89999999999964,
550,55.0,
551,55.10000000000037,
552,55.19999999999982,
553,55.30000000000018,
554,55.39999999999964,
555,55.5,
556,55.60000000000037,
557,55.69999999999982,
558,55.80000000000018,
559,55.89999999999964,
560,56.0,
561,56.10000000000037,
562,56.19999999999982,
563,56.30000000000018,
564,56.39999999999964,
565,56.5,
566,56.60000000000037,
567,56.69999999999982,
568,56.80000000000018,
569,56.89999999999964,
570,57.0,
571,57.10000000000037,
572,57.19999999999982,
573,57.30000000000018,
574,57.39999999999964,
575,57.5,
576,57.60000000000037,
577,57.69999999999982,
578,57.80000000000018,
579,57.89999999999964,
580,58.0,
581,58.10000000000037,
582,58.19999999999982,
583,58.30000000000018,
584,58.39999999999964,
585,58.5,
586,58.60000000000037,
587,58.69999999999982,
588,58.80000000000018,
589,58.89999999999964,
590,59.0,
591,59.10000000000037,
592,59.19999999999982,
593,59.30000000000018,
594,59.39999999999964,
595,59.5,
596,59.60000000000037,
597,59.69999999999982,
598,59.80000000000018,
599,59.89999999999964,
600,60.0,
601,60.10000000000037,
602,60.19999999999982,
603,60.30000000000018,
604,60.39999999999964,
605,60.5,
606,60.60000000000037,
607,60.69999999999982,
608,60.80000000000018,
609,60.89999999999964,
610,61.0,
611,61.10000000000037,
612,61.19999999999982,
613,61.30000000000018,
614,61.39999999999964,
615,61.5,
616,61.60000000000037,
617,61.69999999999982,
618,61.80000000000018,
619,61.89999999999964,
620,62.0,
621,62.10000000000037,
622,62.19999999999982,
623,62.30000000000018,
624,62.39999999999964,
625,62.5,
626,62.60000000000037,
627,62.69999999999982,
628,62.80000000000018,
629,62.89999999999964,
630,63.0,
631,63.10000000000037,
632,63.19999999999982,
633,63.30000000000018,
634,63.39999999999964,
635,63.5,
636,63.60000000000037,
637,63.69999999999982,
638,63.80000000000018,
639,63.89999999999964,
640,64.0,
641,64.10000000000036,
642,64.19999999999982,
643,64.30000000000018,
644,64.39999999999964,
645,64.5,
646,64.60000000000036,
647,64.69999999999982,
648,64.80000000000018,
649,64.89999999999964,
650,65.0,
651,65.10000000000036,
652,65.19999999999982,
653,65.30000000000018,
654,65.39999999999964,
655,65.5,
656,65.60000000000036,
657,65.69999999999982,
658,65.80000000000018,
659,65.89999999999964,
660,66.0,
661,66.10000000000036,
662,66.19999999999982,
663,66.30000000000018,
664,66.39999999999964,
665,66.5,
666,66.60000000000036,
667,66.69999999999982,
668,66.80000000000018,
669,66.89999999999964,
670,67.0,
671,67.10000000000036,
672,67.19999999999982,
673,67.30000000000018,
674,67.39999999999964,
675,67.5,
676,67.60000000000036,
677,67.69999999999982,
678,67.80000000000018,
679,67.89999999999964,
680,68.0,
681,68.10000000000036,
682,68.19999999999982,
683,68.30000000000018,
684,68.39999999999964,
685,68.5,
686,68.60000000000036,
687,68.69999999999982,
688,68.80000000000018,
689,68.89999999999964,
690,69.0,
691,69.10000000000036,
692,69.19999999999982,
693,69.30000000000018,
694,69.39999999999964,
695,69.5,
696,69.60000000000036,
697,69.69999999999982,
698,69.80000000000018,
699,69.89999999999964,
700,70.0,
701,70.10000000000036,
702,70.19999999999982,
703,70.30000000000018,
704,70.39999999999964,
705,70.5,
706,70.60000000000036,
707,70.69999999999982,
708,70.80000000000018,
709,70.89999999999964,
710,71.0,
711,71.10000000000036,
712,71.19999999999982,
713,71.30000000000018,
714,71.39999999999964,
715,71.5,
716,71.60000000000036,
717,71.69999999999982,
718,71.80000000000018,
719,71.89999999999964,
720,72.0,
721,72.10000000000036,
722,72.19999999999982,
723,72.30000000000018,
724,72.39999999999964,
725,72.5,
726,72.60000000000036,
727,72.69999999999982,
728,72.80000000000018,
729,72.89999999999964,
730,73.0,
731,73.10000000000036,
732,73.19999999999982,
733,73.30000000000018,
734,73.39999999999964,
735,73.5,
736,73.60000000000036,
737,73.69999999999982,
738,73.80000000000018,
739,73.89999999999964,
740,74.0,
741,74.10000000000036,
742,74.19999999999982,
743,74.30000000000018,
744,74.39999999999964,
745,74.5,
746,74.60000000000036,
747,74.69999999999982,
748,74.80000000000018,
749,74.89999999999964,
750,75.0,
751,75.10000000000036,
752,75.19999999999982,
753,75.30000000000018,
754,75.39999999999964,
755,75.5,
756,75.60000000000036,
757,75.69999999999982,
758,75.80000000000018,
759,75.89999999999964,
760,76.0,
761,76.10000000000036,
762,76.19999999999982,
763,76.30000000000018,
764,76.39999999999964,
765,76.5,
766,76.60000000000036,
767,76.69999999999982,
768,76.80000000000018,
769,76.89999999999964,
770,77.0,
771,77.10000000000036,
772,77.19999999999982,
773,77.30000000000018,
774,77.39999999999964,
775,77.5,
776,77.60000000000036,
777,77.69999999999982,
778,77.80000000000018,
779,77.89999999999964,
780,78.0,
781,78.10000000000036,
782,78.19999999999982,
783,78.30000000000018,
784,78.39999999999964,
785,78.5,
786,78.60000000000036,
787,78.69999999999982,
788,78.80000000000018,
789,78.89999999999964,
790,79.0,
791,79.10000000000036,
792,79.19999999999982,
793,79.30000000000018,
794,79.39999999999964,
795,79.5,
796,79.60000000000036,
797,79.69999999999982,
798,79.80000000000018,
799,79.89999999999964,
800,80.0,
801,80.10000000000036,
802,80.19999999999982,
803,80.30000000000018,
804,80.39999999999964,
805,80.5,
806,80.60000000000036,
807,80.69999999999982,
808,80.80000000000018,
809,80.89999999999964,
810,81.0,
811,81.10000000000036,
812,81.19999999999982,
813,81.30000000000018,
814,81.39999999999964,
815,81.5,
816,81.60000000000036,
817,81.69999999999982,
818,81.80000000000018,
819,81.89999999999964,
820,82.0,
821,82.10000000000036,
822,82.19999999999982,
823,82.30000000000018,
824,82.39999999999964,
825,82.5,
826,82.60000000000036,
827,82.69999999999982,
828,82.80000000000018,
829,82.89999999999964,
830,83.0,
831,83.10000000000036,
832,83.19999999999982,
833,83.30000000000018,
834,83.39999999999964,
835,83.5,
836,83.60000000000036,
837,83.69999999999982,
838,83.80000000000018,
839,83.89999999999964,
840,84.0,
841,84.10000000000036,
842,84.19999999999982,
843,84.30000000000018,
844,84.39999999999964,
845,84.5,
846,84.60000000000036,
847,84.69999999999982,
848,84.80000000000018,
849,84.89999999999964,
850,85.0,
851,85.10000000000036,
852,85.19999999999982,
853,85.30000000000018,
854,85.39999999999964,
855,85.5,
856,85.60000000000036,
857,85.69999999999982,
858,85.80000000000018,
859,85.89999999999964,
860,86.0,
861,86.10000000000036,
862,86.19999999999982,
863,86.30000000000018,
864,86.39999999999964,
865,86.5,
866,86.60000000000036,
867,86.69999999999982,
868,86.80000000000018,
869,86.89999999999964,
870,87.0,
871,87.10000000000036,
872,87.19999999999982,
873,87.30000000000018,
874,87.39999999999964,
875,87.5,
876,87.60000000000036,
877,87.69999999999982,
878,87.80000000000018,
879,87.89999999999964,
880,88.0,
881,88.10000000000036,
882,88.19999999999982,
883,88.30000000000018,
884,88.39999999999964,
885,88.5,
886,88.60000000000036,
887,88.69999999999982,
888,88.80000000000018,
889,88.89999999999964,
890,89.0,
891,89.10000000000036,
892,89.19999999999982,
893,89.30000000000018,
894,89.39999999999964,
895,89.5,
896,89.60000000000036,
897,89.69999999999982,
898,89.80000000000018,
899,89.89999999999964,
900,90.0,
901,90.10000000000036,
902,90.19999999999982,
903,90.30000000000018,
904,90.39999999999964,
905,90.5,
906,90.60000000000036,
907,90.69999999999982,
908,90.80000000000018,
909,90.89999999999964,
910,91.0,
911,91.10000000000036,
912,91.19999999999982,
913,91.30000000000018,
914,91.39999999999964,
915,91.5,
916,91.60000000000036,
917,91.69999999999982,
918,91.80000000000018,
919,91.89999999999964,
920,92.0,
921,92.10000000000036,
922,92.19999999999982,
923,92.30000000000018,
924,92.39999999999964,
925,92.5,
926,92.60000000000036,
927,92.69999999999982,
928,92.80000000000018,
929,92.89999999999964,
930,93.0,
931,93.10000000000036,
932,93.19999999999982,
933,93.30000000000018,
934,93.39999999999964,
935,93.5,
936,93.60000000000036,
937,93.69999999999982,
938,93.80000000000018,
939,93.89999999999964,
940,94.0,
941,94.10000000000036,
942,94.19999999999982,
943,94.30000000000018,
944,94.39999999999964,
945,94.5,
946,94.60000000000036,
947,94.69999999999982,
948,94.80000000000018,
949,94.89999999999964,
950,95.0,
951,95.10000000000036,
952,95.19999999999982,
953,95.30000000000018,
954,95.39999999999964,
955,95.5,
956,95.60000000000036,
957,95.69999999999982,
958,95.80000000000018,
959,95.89999999999964,
960,96.0,
961,96.10000000000036,
962,96.19999999999982,
963,96.30000000000018,
964,96.39999999999964,
965,96.5,
966,96.60000000000036,
967,96.69999999999982,
968,96.80000000000018,
969,96.89999999999964,
970,97.0,
971,97.10000000000036,
972,97.19999999999982,
973,97.30000000000018,
974,97.39999999999964,
975,97.5,
976,97.60000000000036,
977,97.69999999999982,
978,97.80000000000018,
979,97.89999999999964,
980,98.0,
981,98.10000000000036,
982,98.19999999999982,
983,98.30000000000018,
984,98.39999999999964,
985,98.5,
986,98.60000000000036,
987,98.69999999999982,
988,98.80000000000018,
989,98.89999999999964,
990,99.0,
991,99.10000000000036,
992,99.19999999999982,
993,99.30000000000018,
994,99.39999999999964,
995,99.5,
996,99.60000000000036,
997,99.69999999999982,
998,99.80000000000018,
999,99.89999999999964,
1000,100.0,
1001,100.10000000000036,
1002,100.19999999999982,
1003,100.30000000000018,
1004,100.39999999999964,
1005,100.5,
1006,100.60000000000036,
1007,100.69999999999982,
1008,100.80000000000018,
1009,100.89999999999964,
1010,101.0,
1011,101.10000000000036,
1012,101.19999999999982,
1013,101.30000000000018,
1014,101.39999999999964,
1015,101.5,
1016,101.60000000000036,
1017,101.69999999999982,
1018,101.80000000000018,
1019,101.89999999999964,
1020,102.0,
1021,102.10000000000036,
1022,102.19999999999982,
1023,102.30000000000018,
1024,102.39999999999964,
1025,102.5,
1026,102.60000000000036,
1027,102.69999999999982,
1028,102.80000000000018,
1029,102.89999999999964,
1030,103.0,
1031,103.10000000000036,
1032,103.19999999999982,
1033,103.30000000000018,
1034,103.39999999999964,
1035,103.5,
1036,103.60000000000036,
1037,103.69999999999982,
1038,103.80000000000018,
1039,103.89999999999964,
1040,104.0,
1041,104.10000000000036,
1042,104.19999999999982,
1043,104.30000000000018,
1044,104.39999999999964,
1045,104.5,
1046,104.60000000000036,
1047,104.69999999999982,
1048,104.80000000000018,
1049,104.89999999999964,
1050,105.0,
1051,105.10000000000036,
1052,105.19999999999982,
1053,105.30000000000018,
1054,105.39999999999964,
1055,105.5,
1056,105.60000000000036,
1057,105.69999999999982,
1058,105.80000000000018,
1059,105.89999999999964,
1060,106.0,
1061,106.10000000000036,
1062,106.19999999999982,
1063,106.30000000000018,
1064,106.39999999999964,
1065,106.5,
1066,106.60000000000036,
1067,106.69999999999982,
1068,106.80000000000018,
1069,106.89999999999964,
1070,107.0,
1071,107.10000000000036,
1072,107.19999999999982,
1073,107.30000000000018,
1074,107.39999999999964,
1075,107.5,
1076,107.60000000000036,
1077,107.69999999999982,
1078,107.80000000000018,
1079,107.89999999999964,
1080,108.0,
1081,108.10000000000036,
1082,108.19999999999982,
1083,108.30000000000018,
1084,108.39999999999964,
1085,108.5,
1086,108.60000000000036,
1087,108.69999999999982,
1088,108.80000000000018,
1089,108.89999999999964,
1090,109.0,
1091,109.10000000000036,
1092,109.19999999999982,
1093,109.30000000000018,
1094,109.39999999999964,
1095,109.5,
1096,109.60000000000036,
1097,109.69999999999982,
1098,109.80000000000018,
1099,109.89999999999964,
1100,110.0,
1101,110.10000000000036,
1102,110.19999999999982,
1103,110.30000000000018,
1104,110.39999999999964,
1105,110.5,
1106,110.60000000000036,
1107,110.69999999999982,
1108,110.80000000000018,
1109,110.89999999999964,
1110,111.0,
1111,111.10000000000036,
1112,111.19999999999982,
1113,111.30000000000018,
1114,111.39999999999964,
1115,111.5,
1116,111.60000000000036,
1117,111.69999999999982,
1118,111.80000000000018,
1119,111.89999999999964,
1120,112.0,
1121,112.10000000000036,
1122,112.19999999999982,
1123,112.30000000000018,
1124,112.39999999999964,
1125,112.5,
1126,112.60000000000036,
1127,112.69999999999982,
1128,112.80000000000018,
1129,112.89999999999964,
1130,113.0,
1131,113.10000000000036,
1132,113.19999999999982,
1133,113.30000000000018,
1134,113.39999999999964,
1135,113.5,
1136,113.60000000000036,
1137,113.69999999999982,
1138,113.80000000000018,
1139,113.89999999999964,
1140,114.0,
1141,114.10000000000036,
1142,114.19999999999982,
1143,114.30000000000018,
1144,114.39999999999964,
1145,114.5,
1146,114.60000000000036,
1147,114.69999999999982,
1148,114.80000000000018,
1149,114.89999999999964,
1150,115.0,
1151,115.10000000000036,
1152,115.19999999999982,
1153,115.30000000000018,
1154,115.39999999999964,
1155,115.5,
1156,115.60000000000036,
1157,115.69999999999982,
1158,115.80000000000018,
1159,115.89999999999964,
1160,116.0,
1161,116.10000000000036,
1162,116.19999999999982,
1163,116.30000000000018,
1164,116.39999999999964,
1165,116.5,
1166,116.60000000000036,
1167,116.69999999999982,
1168,116.80000000000018,
1169,116.89999999999964,
1170,117.0,
1171,117.10000000000036,
1172,117.19999999999982,
1173,117.30000000000018,
1174,117.39999999999964,
1175,117.5,
1176,117.60000000000036,
1177,117.69999999999982,
1178,117.80000000000018,
1179,117.89999999999964,
1180,118.0,
1181,118.10000000000036,
1182,118.19999999999982,
1183,118.30000000000018,
1184,118.39999999999964,
1185,118.5,
1186,118.60000000000036,
1187,118.69999999999982,
1188,118.80000000000018,
1189,118.89999999999964,
1190,119.0,
1191,119.10000000000036,
1192,119.19999999999982,
1193,119.30000000000018,
1194,119.39999999999964,
1195,119.5,
1196,119.60000000000036,
1197,119.69999999999982,
1198,119.80000000000018,
1199,119.89999999999964,
1200,120.0,
1201,120.10000000000036,
1202,120.19999999999982,
1203,120.30000000000018,
1204,120.39999999999964,
1205,120.5,
1206,120.60000000000036,
1207,120.69999999999982,
1208,120.80000000000018,
1209,120.89999999999964,
1210,121.0,
1211,121.10000000000036,
1212,121.19999999999982,
1213,121.30000000000018,
1214,121.39999999999964,
1215,121.5,
1216,121.60000000000036,
1217,121.69999999999982,
1218,121.80000000000018,
1219,121.89999999999964,
1220,122.0,
1221,122.10000000000036,
1222,122.19999999999982,
1223,122.30000000000018,
1224,122.39999999999964,
1225,122.5,
1226,122.60000000000036,
1227,122.69999999999982,
1228,122.80000000000018,
1229,122.89999999999964,
1230,123.0,
1231,123.10000000000036,
1232,123.19999999999982,
1233,123.30000000000018,
1234,123.39999999999964,
1235,123.5,
1236,123.60000000000036,
1237,123.69999999999982,
1238,123.80000000000018,
1239,123.89999999999964,
1240,124.0,
1241,124.10000000000036,
1242,124.19999999999982,
1243,124.30000000000018,
1244,124.39999999999964,
1245,124.5,
1246,124.60000000000036,
1247,124.69999999999982,
1248,124.80000000000018,
1249,124.89999999999964,
1250,125.0,
1251,125.10000000000036,
1252,125.19999999999982,
1253,125.30000000000018,
1254,125.39999999999964,
1255,125.5,
1256,125.60000000000036,
1257,125.69999999999982,
1258,125.80000000000018,
1259,125.89999999999964,
1260,126.0,
1261,126.10000000000036,
1262,126.19999999999982,
1263,126.30000000000018,
1264,126.39999999999964,
1265,126.5,
1266,126.60000000000036,
1267,126.69999999999982,
1268,126.80000000000018,
1269,126.89999999999964,
1270,127.0,
1271,127.10000000000036,
1272,127.19999999999982,
1273,127.30000000000018,
1274,127.39999999999964,
1275,127.5,
1276,127.60000000000036,
1277,127.69999999999982,
1278,127.80000000000018,
1279,127.89999999999964,
1280,128.0,
1281,128.10000000000036,
1282,128.19999999999982,
1283,128.30000000000018,
1284,128.39999999999964,
1285,128.5,
1286,128.60000000000036,
1287,128.69999999999982,
1288,128.80000000000018,
1289,128.89999999999964,
1290,129.0,
1291,129.10000000000036,
1292,129.19999999999982,
1293,129.30000000000018,
1294,129.39999999999964,
1295,129.5,
1296,129.60000000000036,
1297,129.69999999999982,
1298,129.80000000000018,
1299,129.89999999999964,
1300,130.0,
1301,130.10000000000036,
1302,130.19999999999982,
1303,130.30000000000018,
1304,130.39999999999964,
1305,130.5,
1306,130.60000000000036,
1307,130.69999999999982,
1308,130.80000000000018,
1309,130.89999999999964,
1310,131.0,
1311,131.10000000000036,
1312,131.19999999999982,
1313,131.30000000000018,
1314,131.39999999999964,
1315,131.5,
1316,131.60000000000036,
1317,131.69999999999982,
1318,131.80000000000018,
1319,131.89999999999964,
1320,132.0,
1321,132.10000000000036,
1322,132.19999999999982,
1323,132.30000000000018,
1324,132.39999999999964,
1325,132.5,
1326,132.60000000000036,
1327,132.69999999999982,
1328,132.80000000000018,
1329,132.89999999999964,
1330,133.0,
1331,133.10000000000036,
1332,133.19999999999982,
1333,133.30000000000018,
1334,133.39999999999964,
1335,133.5,
1336,133.60000000000036,
1337,133.69999999999982,
1338,133.80000000000018,
1339,133.89999999999964,
1340,134.0,
1341,134.10000000000036,
1342,134.19999999999982,
1343,134.30000000000018,
1344,134.39999999999964,
1345,134.5,
1346,134.60000000000036,
1347,134.69999999999982,
1348,134.80000000000018,
1349,134.89999999999964,
1350,135.0,
1351,135.10000000000036,
1352,135.19999999999982,
1353,135.30000000000018,
1354,135.39999999999964,
1355,135.5,
1356,135.60000000000036,
1357,135.69999999999982,
1358,135.80000000000018,
1359,135.89999999999964,
1360,136.0,
1361,136.10000000000036,
1362,136.19999999999982,
1363,136.30000000000018,
1364,136.39999999999964,
1365,136.5,
1366,136.60000000000036,
1367,136.69999999999982,
1368,136.80000000000018,
1369,136.89999999999964,
1370,137.0,
1371,137.10000000000036,
1372,137.19999999999982,
1373,137.30000000000018,
1374,137.39999999999964,
1375,137.5,
1376,137.60000000000036,
1377,137.69999999999982,
1378,137.80000000000018,
1379,137.89999999999964,
1380,138.0,
1381,138.10000000000036,
1382,138.19999999999982,
1383,138.30000000000018,
1384,138.39999999999964,
1385,138.5,
1386,138.60000000000036,
1387,138.69999999999982,
1388,138.80000000000018,
1389,138.89999999999964,
1390,139.0,
1391,139.10000000000036,
1392,139.19999999999982,
1393,139.30000000000018,
1394,139.39999999999964,
1395,139.5,
1396,139.60000000000036,
1397,139.69999999999982,
1398,139.80000000000018,
1399,139.89999999999964,
1400,140.0,
1401,140.10000000000036,
1402,140.19999999999982,
1403,140.30000000000018,
1404,140.39999999999964,
1405,140.5,
1406,140.60000000000036,
1407,140.69999999999982,
1408,140.80000000000018,
1409,140.89999999999964,
1410,141.0,
1411,141.10000000000036,
1412,141.19999999999982,
1413,141.30000000000018,
1414,141.39999999999964,
1415,141.5,
1416,141.60000000000036,
1417,141.69999999999982,
1418,141.80000000000018,
1419,141.89999999999964,
1420,142.0,
1421,142.10000000000036,
1422,142.19999999999982,
1423,142.30000000000018,
1424,142.39999999999964,
1425,142.5,
1426,142.60000000000036,
1427,142.69999999999982,
1428,142.80000000000018,
1429,142.89999999999964,
1430,143.0,
1431,143.10000000000036,
1432,143.19999999999982,
1433,143.30000000000018,
1434,143.39999999999964,
1435,143.5,
1436,143.60000000000036,
1437,143.69999999999982,
1438,143.80000000000018,
1439,143.89999999999964,
1440,144.0,
1441,144.10000000000036,
1442,144.19999999999982,
1443,144.30000000000018,
1444,144.39999999999964,
1445,144.5,
1446,144.60000000000036,
1447,144.69999999999982,
1448,144.80000000000018,
1449,144.89999999999964,
1450,145.0,
1451,145.10000000000036,
1452,145.19999999999982,
1453,145.30000000000018,
1454,145.39999999999964,
1455,145.5,
1456,145.60000000000036,
1457,145.69999999999982,
1458,145.80000000000018,
1459,145.89999999999964,
1460,146.0,
1461,146.10000000000036,
1462,146.19999999999982,
1463,146.30000000000018,
1464,146.39999999999964,
1465,146.5,
1466,146.60000000000036,
1467,146.69999999999982,
1468,146.80000000000018,
1469,146.89999999999964,
1470,147.0,
1471,147.10000000000036,
1472,147.19999999999982,
1473,147.30000000000018,
1474,147.39999999999964,
1475,147.5,
1476,147.60000000000036,
1477,147.69999999999982,
1478,147.80000000000018,
1479,147.89999999999964,
1480,148.0,
1481,148.10000000000036,
1482,148.19999999999982,
1483,148.30000000000018,
1484,148.39999999999964,
1485,148.5,
1486,148.60000000000036,
1487,148.69999999999982,
1488,148.80000000000018,
1489,148.89999999999964,
1490,149.0,
1491,149.10000000000036,
1492,149.19999999999982,
1493,149.30000000000018,
1494,149.39999999999964,
1495,149.5,
1496,149.60000000000036,
1497,149.69999999999982,
1498,149.80000000000018,
1499,149.89999999999964,
1500,150.0,
1501,150.10000000000036,
1502,150.19999999999982,
1503,150.30000000000018,
1504,150.39999999999964,
1505,150.5,
1506,150.60000000000036,
1507,150.69999999999982,
1508,150.80000000000018,
1509,150.89999999999964,
1510,151.0,
1511,151.10000000000036,
1512,151.19999999999982,
1513,151.30000000000018,
1514,151.39999999999964,
1515,151.5,
1516,151.60000000000036,
1517,151.69999999999982,
1518,151.80000000000018,
1519,151.89999999999964,
1520,152.0,
1521,152.10000000000036,
1522,152.19999999999982,
1523,152.30000000000018,
1524,152.39999999999964,
1525,152.5,
1526,152.60000000000036,
1527,152.69999999999982,
1528,152.80000000000018,
1529,152.89999999999964,
1530,153.0,
1531,153.10000000000036,
1532,153.19999999999982,
1533,153.30000000000018,
1534,153.39999999999964,
1535,153.5,
1536,153.60000000000036,
1537,153.69999999999982,
1538,153.80000000000018,
1539,153.89999999999964,
1540,154.0,
1541,154.10000000000036,
1542,154.19999999999982,
1543,154.30000000000018,
1544,154.39999999999964,
1545,154.5,
1546,154.60000000000036,
1547,154.69999999999982,
1548,154.80000000000018,
1549,154.89999999999964,
1550,155.0,
1551,155.10000000000036,
1552,155.19999999999982,
1553,155.30000000000018,
1554,155.39999999999964,
1555,155.5,
1556,155.60000000000036,
1557,155.69999999999982,
1558,155.80000000000018,
1559,155.89999999999964,
1560,156.0,
1561,156.10000000000036,
1562,156.19999999999982,
1563,156.30000000000018,
1564,156.39999999999964,
1565,156.5,
1566,156.60000000000036,
1567,156.69999999999982,
1568,156.80000000000018,
1569,156.89999999999964,
1570,157.0,
1571,157.10000000000036,
1572,157.19999999999982,
1573,157.30000000000018,
1574,157.39999999999964,
1575,157.5,
1576,157.60000000000036,
1577,157.69999999999982,
1578,157.80000000000018,
1579,157.89999999999964,
1580,158.0,
1581,158.10000000000036,
1582,158.19999999999982,
1583,158.30000000000018,
1584,158.39999999999964,
1585,158.5,
1586,158.60000000000036,
1587,158.69999999999982,
1588,158.80000000000018,
1589,158.89999999999964,
1590,159.0,
1591,159.10000000000036,
1592,159.19999999999982,
1593,159.30000000000018,
1594,159.39999999999964,
1595,159.5,
1596,159.60000000000036,
1597,159.69999999999982,
1598,159.80000000000018,
1599,159.89999999999964,
1600,160.0,
1601,160.10000000000036,
1602,160.19999999999982,
1603,160.30000000000018,
1604,160.39999999999964,
1605,160.5,
1606,160.60000000000036,
1607,160.69999999999982,
1608,160.80000000000018,
1609,160.89999999999964,
1610,161.0,
1611,161.10000000000036,
1612,161.19999999999982,
1613,161.30000000000018,
1614,161.39999999999964,
1615,161.5,
1616,161.60000000000036,
1617,161.69999999999982,
1618,161.80000000000018,
1619,161.89999999999964,
1620,162.0,
1621,162.10000000000036,
1622,162.19999999999982,
1623,162.30000000000018,
1624,162.39999999999964,
1625,162.5,
1626,162.60000000000036,
1627,162.69999999999982,
1628,162.80000000000018,
1629,162.89999999999964,
1630,163.0,
1631,163.10000000000036,
1632,163.19999999999982,
1633,163.30000000000018,
1634,163.39999999999964,
1635,163.5,
1636,163.60000000000036,
1637,163.69999999999982,
1638,163.80000000000018,
1639,163.89999999999964,
1640,164.0,
1641,164.10000000000036,
1642,164.19999999999982,
1643,164.30000000000018,
1644,164.39999999999964,
1645,164.5,
1646,164.60000000000036,
1647,164.69999999999982,
1648,164.80000000000018,
1649,164.89999999999964,
1650,165.0,
1651,165.10000000000036,
1652,165.19999999999982,
1653,165.30000000000018,
1654,165.39999999999964,
1655,165.5,
1656,165.60000000000036,
1657,165.69999999999982,
1658,165.80000000000018,
1659,165.89999999999964,
1660,166.0,
1661,166.10000000000036,
1662,166.19999999999982,
1663,166.30000000000018,
1664,166.39999999999964,
1665,166.5,
1666,166.60000000000036,
1667,166.69999999999982,
1668,166.80000000000018,
1669,166.89999999999964,
1670,167.0,
1671,167.10000000000036,
1672,167.19999999999982,
1673,167.30000000000018,
1674,167.39999999999964,
1675,167.5,
1676,167.60000000000036,
1677,167.69999999999982,
1678,167.80000000000018,
1679,167.89999999999964,
1680,168.0,
1681,168.10000000000036,
1682,168.19999999999982,
1683,168.30000000000018,
1684,168.39999999999964,
1685,168.5,
1686,168.60000000000036,
1687,168.69999999999982,
1688,168.80000000000018,
1689,168.89999999999964,
1690,169.0,
1691,169.10000000000036,
1692,169.19999999999982,
1693,169.30000000000018,
1694,169.39999999999964,
1695,169.5,
1696,169.60000000000036,
1697,169.69999999999982,
1698,169.80000000000018,
1699,169.89999999999964,
1700,170.0,
1701,170.10000000000036,
1702,170.19999999999982,
1703,170.30000000000018,
1704,170.39999999999964,
1705,170.5,
1706,170.60000000000036,
1707,170.69999999999982,
1708,170.80000000000018,
1709,170.89999999999964,
1710,171.0,
1711,171.10000000000036,
1712,171.19999999999982,
1713,171.30000000000018,
1714,171.39999999999964,
1715,171.5,
1716,171.60000000000036,
1717,171.69999999999982,
1718,171.80000000000018,
1719,171.89999999999964,
1720,172.0,
1721,172.10000000000036,
1722,172.19999999999982,
1723,172.30000000000018,
1724,172.39999999999964,
1725,172.5,
1726,172.60000000000036,
1727,172.69999999999982,
1728,172.80000000000018,
1729,172.89999999999964,
1730,173.0,
1731,173.10000000000036,
1732,173.19999999999982,
1733,173.30000000000018,
1734,173.39999999999964,
1735,173.5,
1736,173.60000000000036,
1737,173.69999999999982,
1738,173.80000000000018,
1739,173.89999999999964,
1740,174.0,
1741,174.10000000000036,
1742,174.19999999999982,
1743,174.30000000000018,
1744,174.39999999999964,
1745,174.5,
1746,174.60000000000036,
1747,174.69999999999982,
1748,174.80000000000018,
1749,174.89999999999964,
1750,175.0,
1751,175.10000000000036,
1752,175.19999999999982,
1753,175.30000000000018,
1754,175.39999999999964,
1755,175.5,
1756,175.60000000000036,
1757,175.69999999999982,
1758,175.80000000000018,
1759,175.89999999999964,
1760,176.0,
1761,176.10000000000036,
1762,176.19999999999982,
1763,176.30000000000018,
1764,176.39999999999964,
1765,176.5,
1766,176.60000000000036,
1767,176.69999999999982,
1768,176.80000000000018,
1769,176.89999999999964,
1770,177.0,
1771,177.10000000000036,
1772,177.19999999999982,
1773,177.30000000000018,
1774,177.39999999999964,
1775,177.5,
1776,177.60000000000036,
1777,177.69999999999982,
1778,177.80000000000018,
1779,177.89999999999964,
1780,178.0,
1781,178.10000000000036,
1782,178.19999999999982,
1783,178.30000000000018,
1784,178.39999999999964,
1785,178.5,
1786,178.60000000000036,
1787,178.69999999999982,
1788,178.80000000000018,
1789,178.89999999999964,
1790,179.0,
1791,179.10000000000036,
1792,179.19999999999982,
1793,179.30000000000018,
1794,179.39999999999964,
1795,179.5,
1796,179.60000000000036,
1797,179.69999999999982,
1798,179.80000000000018,
1799,179.89999999999964,
1800,180.0,
1801,180.10000000000036,
1802,180.19999999999985,
1803,180.30000000000015,
1804,180.39999999999964,
1805,180.5,
1806,180.6000000000004,
1807,180.69999999999985,
1808,180.80000000000015,
1809,180.89999999999964,
1810,181.0,
1811,181.1000000000004,
1812,181.19999999999985,
1813,181.30000000000015,
1814,181.39999999999964,
1815,181.5,
1816,181.6000000000004,
1817,181.69999999999985,
1818,181.80000000000015,
1819,181.89999999999964,
1820,182.0,
1821,182.1000000000004,
1822,182.19999999999985,
1823,182.30000000000015,
1824,182.39999999999964,
1825,182.5,
1826,182.6000000000004,
1827,182.69999999999985,
1828,182.80000000000015,
1829,182.89999999999964,
1830,183.0,
1831,183.1000000000004,
1832,183.19999999999985,
1833,183.30000000000015,
1834,183.39999999999964,
1835,183.5,
1836,183.6000000000004,
1837,183.69999999999985,
1838,183.80000000000015,
1839,183.89999999999964,
1840,184.0,
1841,184.1000000000004,
1842,184.19999999999985,
1843,184.30000000000015,
1844,184.39999999999964,
1845,184.5,
1846,184.6000000000004,
1847,184.69999999999985,
1848,184.80000000000015,
1849,184.89999999999964,
1850,185.0,
1851,185.1000000000004,
1852,185.19999999999985,
1853,185.30000000000015,
1854,185.39999999999964,
1855,185.5,
1856,185.6000000000004,
1857,185.69999999999985,
1858,185.80000000000015,
1859,185.89999999999964,
1860,186.0,
1861,186.1000000000004,
1862,186.19999999999985,
1863,186.30000000000015,
1864,186.39999999999964,
1865,186.5,
1866,186.6000000000004,
1867,186.69999999999985,
1868,186.80000000000015,
1869,186.89999999999964,
1870,187.0,
1871,187.1000000000004,
1872,187.19999999999985,
1873,187.30000000000015,
1874,187.39999999999964,
1875,187.5,
1876,187.6000000000004,
1877,187.69999999999985,
1878,187.80000000000015,
1879,187.89999999999964,
1880,188.0,
1881,188.1000000000004,
1882,188.19999999999985,
1883,188.30000000000015,
1884,188.39999999999964,
1885,188.5,
1886,188.6000000000004,
1887,188.69999999999985,
1888,188.80000000000015,
1889,188.89999999999964,
1890,189.0,
1891,189.1000000000004,
1892,189.19999999999985,
1893,189.30000000000015,
1894,189.39999999999964,
1895,189.5,
1896,189.6000000000004,
1897,189.69999999999985,
1898,189.80000000000015,
1899,189.89999999999964,
1900,190.0,
1901,190.1000000000004,
1902,190.19999999999985,
1903,190.30000000000015,
1904,190.39999999999964,
1905,190.5,
1906,190.6000000000004,
1907,190.69999999999985,
1908,190.80000000000015,
1909,190.89999999999964,
1910,191.0,
1911,191.1000000000004,
1912,191.19999999999985,
1913,191.30000000000015,
1914,191.39999999999964,
1915,191.5,
1916,191.6000000000004,
1917,191.69999999999985,
1918,191.80000000000015,
1919,191.89999999999964,
1920,192.0,
1921,192.1000000000004,
1922,192.19999999999985,
1923,192.30000000000015,
1924,192.39999999999964,
1925,192.5,
1926,192.6000000000004,
1927,192.69999999999985,
1928,192.80000000000015,
1929,192.89999999999964,
1930,193.0,
1931,193.1000000000004,
1932,193.19999999999985,
1933,193.30000000000015,
1934,193.39999999999964,
1935,193.5,
1936,193.6000000000004,
1937,193.69999999999985,
1938,193.80000000000015,
1939,193.89999999999964,
1940,194.0,
1941,194.1000000000004,
1942,194.19999999999985,
1943,194.30000000000015,
1944,194.39999999999964,
1945,194.5,
1946,194.6000000000004,
1947,194.69999999999985,
1948,194.80000000000015,
1949,194.89999999999964,
1950,195.0,
1951,195.1000000000004,
1952,195.19999999999985,
1953,195.30000000000015,
1954,195.39999999999964,
1955,195.5,
1956,195.6000000000004,
1957,195.69999999999985,
1958,195.80000000000015,
1959,195.89999999999964,
1960,196.0,
1961,196.1000000000004,
1962,196.19999999999985,
1963,196.30000000000015,
1964,196.39999999999964,
1965,196.5,
1966,196.6000000000004,
1967,196.69999999999985,
1968,196.80000000000015,
1969,196.89999999999964,
1970,197.0,
1971,197.1000000000004,
1972,197.19999999999985,
1973,197.30000000000015,
1974,197.39999999999964,
1975,197.5,
1976,197.6000000000004,
1977,197.69999999999985,
1978,197.80000000000015,
1979,197.89999999999964,
1980,198.0,
1981,198.1000000000004,
1982,198.19999999999985,
1983,198.30000000000015,
1984,198.39999999999964,
1985,198.5,
1986,198.6000000000004,
1987,198.69999999999985,
1988,198.80000000000015,
1989,198.89999999999964,
1990,199.0,
1991,199.1000000000004,
1992,199.19999999999985,
1993,199.30000000000015,
1994,199.39999999999964,
1995,199.5,
1996,199.6000000000004,
1997,199.69999999999985,
1998,199.80000000000015,
1999,199.89999999999964,
2000,200.0,
2001,200.1000000000004,
2002,200.19999999999985,
2003,200.30000000000015,
2004,200.39999999999964,
2005,200.5,
2006,200.6000000000004,
2007,200.69999999999985,
2008,200.80000000000015,
2009,200.89999999999964,
2010,201.0,
2011,201.1000000000004,
2012,201.19999999999985,
2013,201.30000000000015,
2014,201.39999999999964,
2015,201.5,
2016,201.6000000000004,
2017,201.69999999999985,
2018,201.80000000000015,
2019,201.89999999999964,
2020,202.0,
2021,202.1000000000004,
2022,202.19999999999985,
2023,202.30000000000015,
2024,202.39999999999964,
2025,202.5,
2026,202.6000000000004,
2027,202.69999999999985,
2028,202.80000000000015,
2029,202.89999999999964,
2030,203.0,
2031,203.1000000000004,
2032,203.19999999999985,
2033,203.30000000000015,
2034,203.39999999999964,
2035,203.5,
2036,203.6000000000004,
2037,203.69999999999985,
2038,203.80000000000015,
2039,203.89999999999964,
2040,204.0,
2041,204.1000000000004,
2042,204.19999999999985,
2043,204.30000000000015,
2044,204.39999999999964,
2045,204.5,
2046,204.6000000000004,
2047,204.69999999999985,
2048,204.80000000000015,
2049,204.89999999999964,
2050,205.0,
2051,205.1000000000004,
2052,205.19999999999985,
2053,205.30000000000015,
2054,205.39999999999964,
2055,205.5,
2056,205.6000000000004,
2057,205.69999999999985,
2058,205.80000000000015,
2059,205.89999999999964,
2060,206.0,
2061,206.1000000000004,
2062,206.19999999999985,
2063,206.30000000000015,
2064,206.39999999999964,
2065,206.5,
2066,206.6000000000004,
2067,206.69999999999985,
2068,206.80000000000015,
2069,206.89999999999964,
2070,207.0,
2071,207.1000000000004,
2072,207.19999999999985,
2073,207.30000000000015,
2074,207.39999999999964,
2075,207.5,
2076,207.6000000000004,
2077,207.69999999999985,
2078,207.80000000000015,
2079,207.89999999999964,
2080,208.0,
2081,208.1000000000004,
2082,208.19999999999985,
2083,208.30000000000015,
2084,208.39999999999964,
2085,208.5,
2086,208.6000000000004,
2087,208.69999999999985,
2088,208.80000000000015,
2089,208.89999999999964,
2090,209.0,
2091,209.1000000000004,
2092,209.19999999999985,
2093,209.30000000000015,
2094,209.39999999999964,
2095,209.5,
2096,209.6000000000004,
2097,209.69999999999985,
2098,209.80000000000015,
2099,209.89999999999964,
2100,210.0,
2101,210.1000000000004,
2102,210.19999999999985,
2103,210.30000000000015,
2104,210.39999999999964,
2105,210.5,
2106,210.6000000000004,
2107,210.69999999999985,
2108,210.80000000000015,
2109,210.89999999999964,
2110,211.0,
2111,211.1000000000004,
2112,211.19999999999985,
2113,211.30000000000015,
2114,211.39999999999964,
2115,211.5,
2116,211.6000000000004,
2117,211.69999999999985,
2118,211.80000000000015,
2119,211.89999999999964,
2120,212.0,
2121,212.1000000000004,
2122,212.19999999999985,
2123,212.30000000000015,
2124,212.39999999999964,
2125,212.5,
2126,212.6000000000004,
2127,212.69999999999985,
2128,212.80000000000015,
2129,212.89999999999964,
2130,213.0,
2131,213.1000000000004,
2132,213.19999999999985,
2133,213.30000000000015,
2134,213.39999999999964,
2135,213.5,
2136,213.6000000000004,
2137,213.69999999999985,
2138,213.80000000000015,
2139,213.89999999999964,
2140,214.0,
2141,214.1000000000004,
2142,214.19999999999985,
2143,214.30000000000015,
2144,214.39999999999964,
2145,214.5,
2146,214.6000000000004,
2147,214.69999999999985,
2148,214.80000000000015,
2149,214.89999999999964,
2150,215.0,
2151,215.1000000000004,
2152,215.19999999999985,
2153,215.30000000000015,
2154,215.39999999999964,
2155,215.5,
2156,215.6000000000004,
2157,215.69999999999985,
2158,215.80000000000015,
2159,215.89999999999964,
2160,216.0,
2161,216.1000000000004,
2162,216.19999999999985,
2163,216.30000000000015,
2164,216.39999999999964,
2165,216.5,
2166,216.6000000000004,
2167,216.69999999999985,
2168,216.80000000000015,
2169,216.89999999999964,
2170,217.0,
2171,217.1000000000004,
2172,217.19999999999985,
2173,217.30000000000015,
2174,217.39999999999964,
2175,217.5,
2176,217.6000000000004,
2177,217.69999999999985,
2178,217.80000000000015,
2179,217.89999999999964,
2180,218.0,
2181,218.1000000000004,
2182,218.19999999999985,
2183,218.30000000000015,
2184,218.39999999999964,
2185,218.5,
2186,218.6000000000004,
2187,218.69999999999985,
2188,218.80000000000015,
2189,218.89999999999964,
2190,219.0,
2191,219.1000000000004,
2192,219.19999999999985,
2193,219.30000000000015,
2194,219.39999999999964,
2195,219.5,
2196,219.6000000000004,
2197,219.69999999999985,
2198,219.80000000000015,
2199,219.89999999999964,
2200,220.0,
2201,220.1000000000004,
2202,220.19999999999985,
2203,220.30000000000015,
2204,220.39999999999964,
2205,220.5,
2206,220.6000000000004,
2207,220.69999999999985,
2208,220.80000000000015,
2209,220.89999999999964,
2210,221.0,
2211,221.1000000000004,
2212,221.19999999999985,
2213,221.30000000000015,
2214,221.39999999999964,
2215,221.5,
2216,221.6000000000004,
2217,221.69999999999985,
2218,221.80000000000015,
2219,221.89999999999964,
2220,222.0,
2221,222.1000000000004,
2222,222.19999999999985,
2223,222.30000000000015,
2224,222.39999999999964,
2225,222.5,
2226,222.6000000000004,
2227,222.69999999999985,
2228,222.80000000000015,
2229,222.89999999999964,
2230,223.0,
2231,223.1000000000004,
2232,223.19999999999985,
2233,223.30000000000015,
2234,223.39999999999964,
2235,223.5,
2236,223.6000000000004,
2237,223.69999999999985,
2238,223.80000000000015,
2239,223.89999999999964,
2240,224.0,
2241,224.1000000000004,
2242,224.19999999999985,
2243,224.30000000000015,
2244,224.39999999999964,
2245,224.5,
2246,224.6000000000004,
2247,224.69999999999985,
2248,224.80000000000015,
2249,224.89999999999964,
2250,225.0,
2251,225.1000000000004,
2252,225.19999999999985,
2253,225.30000000000015,
2254,225.39999999999964,
2255,225.5,
2256,225.6000000000004,
2257,225.69999999999985,
2258,225.80000000000015,
2259,225.89999999999964,
2260,226.0,
2261,226.1000000000004,
2262,226.19999999999985,
2263,226.30000000000015,
2264,226.39999999999964,
2265,226.5,
2266,226.6000000000004,
2267,226.69999999999985,
2268,226.80000000000015,
2269,226.89999999999964,
2270,227.0,
2271,227.1000000000004,
2272,227.19999999999985,
2273,227.30000000000015,
2274,227.39999999999964,
2275,227.5,
2276,227.6000000000004,
2277,227.69999999999985,
2278,227.80000000000015,
2279,227.89999999999964,
2280,228.0,
2281,228.1000000000004,
2282,228.19999999999985,
2283,228.30000000000015,
2284,228.39999999999964,
2285,228.5,
2286,228.6000000000004,
2287,228.69999999999985,
2288,228.80000000000015,
2289,228.89999999999964,
2290,229.0,
2291,229.1000000000004,
2292,229.19999999999985,
2293,229.30000000000015,
2294,229.39999999999964,
2295,229.5,
2296,229.6000000000004,
2297,229.69999999999985,
2298,229.80000000000015,
2299,229.89999999999964,
2300,230.0,
2301,230.1000000000004,
2302,230.19999999999985,
2303,230.30000000000015,
2304,230.39999999999964,
2305,230.5,
2306,230.6000000000004,
2307,230.69999999999985,
2308,230.80000000000015,
2309,230.89999999999964,
2310,231.0,
2311,231.1000000000004,
2312,231.19999999999985,
2313,231.30000000000015,
2314,231.39999999999964,
2315,231.5,
2316,231.6000000000004,
2317,231.69999999999985,
2318,231.80000000000015,
2319,231.89999999999964,
2320,232.0,
2321,232.1000000000004,
2322,232.19999999999985,
2323,232.30000000000015,
2324,232.39999999999964,
2325,232.5,
2326,232.6000000000004,
2327,232.69999999999985,
2328,232.80000000000015,
2329,232.89999999999964,
2330,233.0,
2331,233.1000000000004,
2332,233.19999999999985,
2333,233.30000000000015,
2334,233.39999999999964,
2335,233.5,
2336,233.6000000000004,
2337,233.69999999999985,
2338,233.80000000000015,
2339,233.89999999999964,
2340,234.0,
2341,234.1000000000004,
2342,234.19999999999985,
2343,234.30000000000015,
2344,234.39999999999964,
2345,234.5,
2346,234.6000000000004,
2347,234.69999999999985,
2348,234.80000000000015,
2349,234.89999999999964,
2350,235.0,
2351,235.1000000000004,
2352,235.19999999999985,
2353,235.30000000000015,
2354,235.39999999999964,
2355,235.5,
2356,235.6000000000004,
2357,235.69999999999985,
2358,235.80000000000015,
2359,235.89999999999964,
2360,236.0,
2361,236.1000000000004,
2362,236.19999999999985,
2363,236.30000000000015,
2364,236.39999999999964,
2365,236.5,
2366,236.6000000000004,
2367,236.69999999999985,
2368,236.80000000000015,
2369,236.89999999999964,
2370,237.0,
2371,237.1000000000004,
2372,237.19999999999985,
2373,237.30000000000015,
2374,237.39999999999964,
2375,237.5,
2376,237.6000000000004,
2377,237.69999999999985,
2378,237.80000000000015,
2379,237.89999999999964,
2380,238.0,
2381,238.1000000000004,
2382,238.19999999999985,
2383,238.30000000000015,
2384,238.39999999999964,
2385,238.5,
2386,238.6000000000004,
2387,238.69999999999985,
2388,238.80000000000015,
2389,238.89999999999964,
2390,239.0,
2391,239.1000000000004,
2392,239.19999999999985,
2393,239.30000000000015,
2394,239.39999999999964,
2395,239.5,
2396,239.6000000000004,
2397,239.69999999999985,
2398,239.80000000000015,
2399,239.89999999999964,
2400,240.0,
2401,240.1000000000004,
2402,240.19999999999985,
2403,240.30000000000015,
2404,240.39999999999964,
2405,240.5,
2406,240.6000000000004,
2407,240.69999999999985,
2408,240.80000000000015,
2409,240.89999999999964,
2410,241.0,
2411,241.1000000000004,
2412,241.19999999999985,
2413,241.30000000000015,
2414,241.39999999999964,
2415,241.5,
2416,241.6000000000004,
2417,241.69999999999985,
2418,241.80000000000015,
2419,241.89999999999964,
2420,242.0,
2421,242.1000000000004,
2422,242.19999999999985,
2423,242.30000000000015,
2424,242.39999999999964,
2425,242.5,
2426,242.6000000000004,
2427,242.69999999999985,
2428,242.80000000000015,
2429,242.89999999999964,
2430,243.0,
2431,243.1000000000004,
2432,243.19999999999985,
2433,243.30000000000015,
2434,243.39999999999964,
2435,243.5,
2436,243.6000000000004,
2437,243.69999999999985,
2438,243.80000000000015,
2439,243.89999999999964,
2440,244.0,
2441,244.1000000000004,
2442,244.19999999999985,
2443,244.30000000000015,
2444,244.39999999999964,
2445,244.5,
2446,244.6000000000004,
2447,244.69999999999985,
2448,244.80000000000015,
2449,244.89999999999964,
2450,245.0,
2451,245.1000000000004,
2452,245.19999999999985,
2453,245.30000000000015,
2454,245.39999999999964,
2455,245.5,
2456,245.6000000000004,
2457,245.69999999999985,
2458,245.80000000000015,
2459,245.89999999999964,
2460,246.0,
2461,246.1000000000004,
2462,246.19999999999985,
2463,246.30000000000015,
2464,246.39999999999964,
2465,246.5,
2466,246.6000000000004,
2467,246.69999999999985,
2468,246.80000000000015,
2469,246.89999999999964,
2470,247.0,
2471,247.1000000000004,
2472,247.19999999999985,
2473,247.30000000000015,
2474,247.39999999999964,
2475,247.5,
2476,247.6000000000004,
2477,247.69999999999985,
2478,247.80000000000015,
2479,247.89999999999964,
2480,248.0,
2481,248.1000000000004,
2482,248.19999999999985,
2483,248.30000000000015,
2484,248.39999999999964,
2485,248.5,
2486,248.6000000000004,
2487,248.69999999999985,
2488,248.80000000000015,
2489,248.89999999999964,
2490,249.0,
2491,249.1000000000004,
2492,249.19999999999985,
2493,249.30000000000015,
2494,249.39999999999964,
2495,249.5,
2496,249.6000000000004,
2497,249.69999999999985,
2498,249.80000000000015,
2499,249.89999999999964,
2500,250.0,
2501,250.1000000000004,
2502,250.19999999999985,
2503,250.30000000000015,
2504,250.39999999999964,
2505,250.5,
2506,250.6000000000004,
2507,250.69999999999985,
2508,250.80000000000015,
2509,250.89999999999964,
2510,251.0,
2511,251.1000000000004,
2512,251.19999999999985,
2513,251.30000000000015,
2514,251.39999999999964,
2515,251.5,
2516,251.6000000000004,
2517,251.69999999999985,
2518,251.80000000000015,
2519,251.89999999999964,
2520,252.0,
2521,252.1000000000004,
2522,252.19999999999985,
2523,252.30000000000015,
2524,252.39999999999964,
2525,252.5,
2526,252.6000000000004,
2527,252.69999999999985,
2528,252.80000000000015,
2529,252.89999999999964,
2530,253.0,
2531,253.1000000000004,
2532,253.19999999999985,
2533,253.30000000000015,
2534,253.39999999999964,
2535,253.5,
2536,253.6000000000004,
2537,253.69999999999985,
2538,253.80000000000015,
2539,253.89999999999964,
2540,254.0,
2541,254.1000000000004,
2542,254.19999999999985,
2543,254.30000000000015,
2544,254.39999999999964,
2545,254.5,
2546,254.6000000000004,
2547,254.69999999999985,
2548,254.80000000000015,
2549,254.89999999999964,
2550,255.0,
2551,255.1000000000004,
2552,255.19999999999985,
2553,255.30000000000015,
2554,255.39999999999964,
2555,255.5,
2556,255.6000000000004,
2557,255.69999999999985,
2558,255.80000000000015,
2559,255.89999999999964,
2560,256.0,
2561,256.1000000000004,
2562,256.1999999999998,
2563,256.3000000000002,
2564,256.39999999999964,
2565,256.5,
2566,256.6000000000004,
2567,256.6999999999998,
2568,256.8000000000002,
2569,256.89999999999964,
2570,257.0,
2571,257.1000000000004,
2572,257.1999999999998,
2573,257.3000000000002,
2574,257.39999999999964,
2575,257.5,
2576,257.6000000000004,
2577,257.6999999999998,
2578,257.8000000000002,
2579,257.89999999999964,
2580,258.0,
2581,258.1000000000004,
2582,258.1999999999998,
2583,258.3000000000002,
2584,258.39999999999964,
2585,258.5,
2586,258.6000000000004,
2587,258.6999999999998,
2588,258.8000000000002,
2589,258.89999999999964,
2590,259.0,
2591,259.1000000000004,
2592,259.1999999999998,
2593,259.3000000000002,
2594,259.39999999999964,
2595,259.5,
2596,259.6000000000004,
2597,259.6999999999998,
2598,259.8000000000002,
2599,259.89999999999964,
2600,260.0,
2601,260.1000000000004,
2602,260.1999999999998,
2603,260.3000000000002,
2604,260.39999999999964,
2605,260.5,
2606,260.6000000000004,
2607,260.6999999999998,
2608,260.8000000000002,
2609,260.89999999999964,
2610,261.0,
2611,261.1000000000004,
2612,261.1999999999998,
2613,261.3000000000002,
2614,261.39999999999964,
2615,261.5,
2616,261.6000000000004,
2617,261.6999999999998,
2618,261.8000000000002,
2619,261.89999999999964,
2620,262.0,
2621,262.1000000000004,
2622,262.1999999999998,
2623,262.3000000000002,
2624,262.39999999999964,
2625,262.5,
2626,262.6000000000004,
2627,262.6999999999998,
2628,262.8000000000002,
2629,262.89999999999964,
2630,263.0,
2631,263.1000000000004,
2632,263.1999999999998,
2633,263.3000000000002,
2634,263.39999999999964,
2635,263.5,
2636,263.6000000000004,
2637,263.6999999999998,
2638,263.8000000000002,
2639,263.89999999999964,
2640,264.0,
2641,264.1000000000004,
2642,264.1999999999998,
2643,264.3000000000002,
2644,264.39999999999964,
2645,264.5,
2646,264.6000000000004,
2647,264.6999999999998,
2648,264.8000000000002,
2649,264.89999999999964,
2650,265.0,
2651,265.1000000000004,
2652,265.1999999999998,
2653,265.3000000000002,
2654,265.39999999999964,
2655,265.5,
2656,265.6000000000004,
2657,265.6999999999998,
2658,265.8000000000002,
2659,265.89999999999964,
2660,266.0,
2661,266.1000000000004,
2662,266.1999999999998,
2663,266.3000000000002,
2664,266.39999999999964,
2665,266.5,
2666,266.6000000000004,
2667,266.6999999999998,
2668,266.8000000000002,
2669,266.89999999999964,
2670,267.0,
2671,267.1000000000004,
2672,267.1999999999998,
2673,267.3000000000002,
2674,267.39999999999964,
2675,267.5,
2676,267.6000000000004,
2677,267.6999999999998,
2678,267.8000000000002,
2679,267.89999999999964,
2680,268.0,
2681,268.1000000000004,
2682,268.1999999999998,
2683,268.3000000000002,
2684,268.39999999999964,
2685,268.5,
2686,268.6000000000004,
2687,268.6999999999998,
2688,268.8000000000002,
2689,268.89999999999964,
2690,269.0,
2691,269.1000000000004,
2692,269.1999999999998,
2693,269.3000000000002,
2694,269.39999999999964,
2695,269.5,
2696,269.6000000000004,
2697,269.6999999999998,
2698,269.8000000000002,
2699,269.89999999999964,
2700,270.0,
2701,270.1000000000004,
2702,270.1999999999998,
2703,270.3000000000002,
2704,270.39999999999964,
2705,270.5,
2706,270.6000000000004,
2707,270.6999999999998,
2708,270.8000000000002,
2709,270.89999999999964,
2710,271.0,
2711,271.1000000000004,
2712,271.1999999999998,
2713,271.3000000000002,
2714,271.39999999999964,
2715,271.5,
2716,271.6000000000004,
2717,271.6999999999998,
2718,271.8000000000002,
2719,271.89999999999964,
2720,272.0,
2721,272.1000000000004,
2722,272.1999999999998,
2723,272.3000000000002,
2724,272.39999999999964,
2725,272.5,
2726,272.6000000000004,
2727,272.6999999999998,
2728,272.8000000000002,
2729,272.89999999999964,
2730,273.0,
2731,273.1000000000004,
2732,273.1999999999998,
2733,273.3000000000002,
2734,273.39999999999964,
2735,273.5,
2736,273.6000000000004,
2737,273.6999999999998,
2738,273.8000000000002,
2739,273.89999999999964,
2740,274.0,
2741,274.1000000000004,
2742,274.1999999999998,
2743,274.3000000000002,
2744,274.39999999999964,
2745,274.5,
2746,274.6000000000004,
2747,274.6999999999998,
2748,274.8000000000002,
2749,274.89999999999964,
2750,275.0,
2751,275.1000000000004,
2752,275.1999999999998,
2753,275.3000000000002,
2754,275.39999999999964,
2755,275.5,
2756,275.6000000000004,
2757,275.6999999999998,
2758,275.8000000000002,
2759,275.89999999999964,
2760,276.0,
2761,276.1000000000004,
2762,276.1999999999998,
2763,276.3000000000002,
2764,276.39999999999964,
2765,276.5,
2766,276.6000000000004,
2767,276.6999999999998,
2768,276.8000000000002,
2769,276.89999999999964,
2770,277.0,
2771,277.1000000000004,
2772,277.1999999999998,
2773,277.3000000000002,
2774,277.39999999999964,
2775,277.5,
2776,277.6000000000004,
2777,277.6999999999998,
2778,277.8000000000002,
2779,277.89999999999964,
2780,278.0,
2781,278.1000000000004,
2782,278.1999999999998,
2783,278.3000000000002,
2784,278.39999999999964,
2785,278.5,
2786,278.6000000000004,
2787,278.6999999999998,
2788,278.8000000000002,
2789,278.89999999999964,
2790,279.0,
2791,279.1000000000004,
2792,279.1999999999998,
2793,279.3000000000002,
2794,279.39999999999964,
2795,279.5,
2796,279.6000000000004,
2797,279.6999999999998,
2798,279.8000000000002,
2799,279.89999999999964,
2800,280.0,
2801,280.1000000000004,
2802,280.1999999999998,
2803,280.3000000000002,
2804,280.39999999999964,
2805,280.5,
2806,280.6000000000004,
2807,280.6999999999998,
2808,280.8000000000002,
2809,280.89999999999964,
2810,281.0,
2811,281.1000000000004,
2812,281.1999999999998,
2813,281.3000000000002,
2814,281.39999999999964,
2815,281.5,
2816,281.6000000000004,
2817,281.6999999999998,
2818,281.8000000000002,
2819,281.89999999999964,
2820,282.0,
2821,282.1000000000004,
2822,282.1999999999998,
2823,282.3000000000002,
2824,282.39999999999964,
2825,282.5,
2826,282.6000000000004,
2827,282.6999999999998,
2828,282.8000000000002,
2829,282.89999999999964,
2830,283.0,
2831,283.1000000000004,
2832,283.1999999999998,
2833,283.3000000000002,
2834,283.39999999999964,
2835,283.5,
2836,283.6000000000004,
2837,283.6999999999998,
2838,283.8000000000002,
2839,283.89999999999964,
2840,284.0,
2841,284.1000000000004,
2842,284.1999999999998,
2843,284.3000000000002,
2844,284.39999999999964,
2845,284.5,
2846,284.6000000000004,
2847,284.6999999999998,
2848,284.8000000000002,
2849,284.89999999999964,
2850,285.0,
2851,285.1000000000004,
2852,285.1999999999998,
2853,285.3000000000002,
2854,285.39999999999964,
2855,285.5,
2856,285.6000000000004,
2857,285.6999999999998,
2858,285.8000000000002,
2859,285.89999999999964,
2860,286.0,
2861,286.1000000000004,
2862,286.1999999999998,
2863,286.3000000000002,
2864,286.39999999999964,
2865,286.5,
2866,286.6000000000004,
2867,286.6999999999998,
2868,286.8000000000002,
2869,286.89999999999964,
2870,287.0,
2871,287.1000000000004,
2872,287.1999999999998,
2873,287.3000000000002,
2874,287.39999999999964,
2875,287.5,
2876,287.6000000000004,
2877,287.6999999999998,
2878,287.8000000000002,
2879,287.89999999999964,
2880,288.0,
2881,288.1000000000004,
2882,288.1999999999998,
2883,288.3000000000002,
2884,288.39999999999964,
2885,288.5,
2886,288.6000000000004,
2887,288.6999999999998,
2888,288.8000000000002,
2889,288.89999999999964,
2890,289.0,
2891,289.1000000000004,
2892,289.1999999999998,
2893,289.3000000000002,
2894,289.39999999999964,
2895,289.5,
2896,289.6000000000004,
2897,289.6999999999998,
2898,289.8000000000002,
2899,289.89999999999964,
2900,290.0,
2901,290.1000000000004,
2902,290.1999999999998,
2903,290.3000000000002,
2904,290.39999999999964,
2905,290.5,
2906,290.6000000000004,
2907,290.6999999999998,
2908,290.8000000000002,
2909,290.89999999999964,
2910,291.0,
2911,291.1000000000004,
2912,291.1999999999998,
2913,291.3000000000002,
2914,291.39999999999964,
2915,291.5,
2916,291.6000000000004,
2917,291.6999999999998,
2918,291.8000000000002,
2919,291.89999999999964,
2920,292.0,
2921,292.1000000000004,
2922,292.1999999999998,
2923,292.3000000000002,
2924,292.39999999999964,
2925,292.5,
2926,292.6000000000004,
2927,292.6999999999998,
2928,292.8000000000002,
2929,292.89999999999964,
2930,293.0,
2931,293.1000000000004,
2932,293.1999999999998,
2933,293.3000000000002,
2934,293.39999999999964,
2935,293.5,
2936,293.6000000000004,
2937,293.6999999999998,
2938,293.8000000000002,
2939,293.89999999999964,
2940,294.0,
2941,294.1000000000004,
2942,294.1999999999998,
2943,294.3000000000002,
2944,294.39999999999964,
2945,294.5,
2946,294.6000000000004,
2947,294.6999999999998,
2948,294.8000000000002,
2949,294.89999999999964,
2950,295.0,
2951,295.1000000000004,
2952,295.1999999999998,
2953,295.3000000000002,
2954,295.39999999999964,
2955,295.5,
2956,295.6000000000004,
2957,295.6999999999998,
2958,295.8000000000002,
2959,295.89999999999964,
2960,296.0,
2961,296.1000000000004,
2962,296.1999999999998,
2963,296.3000000000002,
2964,296.39999999999964,
2965,296.5,
2966,296.6000000000004,
2967,296.6999999999998,
2968,296.8000000000002,
2969,296.89999999999964,
2970,297.0,
2971,297.1000000000004,
2972,297.1999999999998,
2973,297.3000000000002,
2974,297.39999999999964,
2975,297.5,
2976,297.6000000000004,
2977,297.6999999999998,
2978,297.8000000000002,
2979,297.89999999999964,
2980,298.0,
2981,298.1000000000004,
2982,298.1999999999998,
2983,298.3000000000002,
2984,298.39999999999964,
2985,298.5,
2986,298.6000000000004,
2987,298.6999999999998,
2988,298.8000000000002,
2989,298.89999999999964,
2990,299.0,
2991,299.1000000000004,
2992,299.1999999999998,
2993,299.3000000000002,
2994,299.39999999999964,
2995,299.5,
2996,299.6000000000004,
2997,299.6999999999998,
2998,299.8000000000002,
2999,299.89999999999964,
3000,300.0,
3001,300.1000000000004,
3002,300.1999999999998,
3003,300.3000000000002,
3004,300.39999999999964,
3005,300.5,
3006,300.6000000000004,
3007,300.6999999999998,
3008,300.8000000000002,
3009,300.89999999999964,
3010,301.0,
3011,301.1000000000004,
3012,301.1999999999998,
3013,301.3000000000002,
3014,301.39999999999964,
3015,301.5,
3016,301.6000000000004,
3017,301.6999999999998,
3018,301.8000000000002,
3019,301.89999999999964,
3020,302.0,
3021,302.1000000000004,
3022,302.1999999999998,
3023,302.3000000000002,
3024,302.39999999999964,
3025,302.5,
3026,302.6000000000004,
3027,302.6999999999998,
3028,302.8000000000002,
3029,302.89999999999964,
3030,303.0,
3031,303.1000000000004,
3032,303.1999999999998,
3033,303.3000000000002,
3034,303.39999999999964,
3035,303.5,
3036,303.6000000000004,
3037,303.6999999999998,
3038,303.8000000000002,
3039,303.89999999999964,
3040,304.0,
3041,304.1000000000004,
3042,304.1999999999998,
3043,304.3000000000002,
3044,304.39999999999964,
3045,304.5,
3046,304.6000000000004,
3047,304.6999999999998,
3048,304.8000000000002,
3049,304.89999999999964,
3050,305.0,
3051,305.1000000000004,
3052,305.1999999999998,
3053,305.3000000000002,
3054,305.39999999999964,
3055,305.5,
3056,305.6000000000004,
3057,305.6999999999998,
3058,305.8000000000002,
3059,305.89999999999964,
3060,306.0,
3061,306.1000000000004,
3062,306.1999999999998,
3063,306.3000000000002,
3064,306.39999999999964,
3065,306.5,
3066,306.6000000000004,
3067,306.6999999999998,
3068,306.8000000000002,
3069,306.89999999999964,
3070,307.0,
3071,307.1000000000004,
3072,307.1999999999998,
3073,307.3000000000002,
3074,307.39999999999964,
3075,307.5,
3076,307.6000000000004,
3077,307.6999999999998,
3078,307.8000000000002,
3079,307.89999999999964,
3080,308.0,
3081,308.1000000000004,
3082,308.1999999999998,
3083,308.3000000000002,
3084,308.39999999999964,
3085,308.5,
3086,308.6000000000004,
3087,308.6999999999998,
3088,308.8000000000002,
3089,308.89999999999964,
3090,309.0,
3091,309.1000000000004,
3092,309.1999999999998,
3093,309.3000000000002,
3094,309.39999999999964,
3095,309.5,
3096,309.6000000000004,
3097,309.6999999999998,
3098,309.8000000000002,
3099,309.89999999999964,
3100,310.0,
3101,310.1000000000004,
3102,310.1999999999998,
3103,310.3000000000002,
3104,310.39999999999964,
3105,310.5,
3106,310.6000000000004,
3107,310.6999999999998,
3108,310.8000000000002,
3109,310.89999999999964,
3110,311.0,
3111,311.1000000000004,
3112,311.1999999999998,
3113,311.3000000000002,
3114,311.39999999999964,
3115,311.5,
3116,311.6000000000004,
3117,311.6999999999998,
3118,311.8000000000002,
3119,311.89999999999964,
3120,312.0,
3121,312.1000000000004,
3122,312.1999999999998,
3123,312.3000000000002,
3124,312.39999999999964,
3125,312.5,
3126,312.6000000000004,
3127,312.6999999999998,
3128,312.8000000000002,
3129,312.89999999999964,
3130,313.0,
3131,313.1000000000004,
3132,313.1999999999998,
3133,313.3000000000002,
3134,313.39999999999964,
3135,313.5,
3136,313.6000000000004,
3137,313.6999999999998,
3138,313.8000000000002,
3139,313.89999999999964,
3140,314.0,
3141,314.1000000000004,
3142,314.1999999999998,
3143,314.3000000000002,
3144,314.39999999999964,
3145,314.5,
3146,314.6000000000004,
3147,314.6999999999998,
3148,314.8000000000002,
3149,314.89999999999964,
3150,315.0,
3151,315.1000000000004,
3152,315.1999999999998,
3153,315.3000000000002,
3154,315.39999999999964,
3155,315.5,
3156,315.6000000000004,
3157,315.6999999999998,
3158,315.8000000000002,
3159,315.89999999999964,
3160,316.0,
3161,316.1000000000004,
3162,316.1999999999998,
3163,316.3000000000002,
3164,316.39999999999964,
3165,316.5,
3166,316.6000000000004,
3167,316.6999999999998,
3168,316.8000000000002,
3169,316.89999999999964,
3170,317.0,
3171,317.1000000000004,
3172,317.1999999999998,
3173,317.3000000000002,
3174,317.39999999999964,
3175,317.5,
3176,317.6000000000004,
3177,317.6999999999998,
3178,317.8000000000002,
3179,317.89999999999964,
3180,318.0,
3181,318.1000000000004,
3182,318.1999999999998,
3183,318.3000000000002,
3184,318.39999999999964,
3185,318.5,
3186,318.6000000000004,
3187,318.6999999999998,
3188,318.8000000000002,
3189,318.89999999999964,
3190,319.0,
3191,319.1000000000004,
3192,319.1999999999998,
3193,319.3000000000002,
3194,319.39999999999964,
3195,319.5,
3196,319.6000000000004,
3197,319.6999999999998,
3198,319.8000000000002,
3199,319.89999999999964,
3200,320.0,
3201,320.1000000000004,
3202,320.1999999999998,
3203,320.3000000000002,
3204,320.39999999999964,
3205,320.5,
3206,320.6000000000004,
3207,320.6999999999998,
3208,320.8000000000002,
3209,320.89999999999964,
3210,321.0,
3211,321.1000000000004,
3212,321.1999999999998,
3213,321.3000000000002,
3214,321.39999999999964,
3215,321.5,
3216,321.6000000000004,
3217,321.6999999999998,
3218,321.8000000000002,
3219,321.89999999999964,
3220,322.0,
3221,322.1000000000004,
3222,322.1999999999998,
3223,322.3000000000002,
3224,322.39999999999964,
3225,322.5,
3226,322.6000000000004,
3227,322.6999999999998,
3228,322.8000000000002,
3229,322.89999999999964,
3230,323.0,
3231,323.1000000000004,
3232,323.1999999999998,
3233,323.3000000000002,
3234,323.39999999999964,
3235,323.5,
3236,323.6000000000004,
3237,323.6999999999998,
3238,323.8000000000002,
3239,323.89999999999964,
3240,324.0,
